topic	x	y	topics	cluster	Freq
1	-4.6282825	2.8041456	1	1	5.2
4	-0.6347256	-4.567407	2	1	3.9527731976069074
5	3.904151	-3.5135243	3	1	3.491688207595221
7	-0.08927421	3.8573723	4	1	3.491688207595221
8	4.2758074	2.2269902	5	1	3.0729517267902615
2	1.4301031	-0.47105733	6	1	2.927838196098572
3	-2.155166	-0.23890723	7	1	1.7255649505919284
6	-5.0	-2.9376884	8	1	0.2
