topic	x	y	topics	cluster	Freq
5	-3.015654	4.182517	1	1	5.2
8	0.34977743	5.0	2	1	3.7721268772665897
6	-2.9284785	-2.0575955	3	1	2.504353769114227
3	3.1355984	-0.5841076	4	1	1.610662333243927
2	-0.48390558	1.0971357	5	1	1.227968762180252
1	0.45840836	-2.7811687	6	1	0.5812003129219245
4	3.0875149	2.878861	7	1	0.28340818272639834
7	-4.4745145	1.0414625	8	1	0.2
