topic	x	y	topics	cluster	Freq
8	0.73803985	-1.3850946	1	1	5.2
3	-1.4180527	1.0895405	2	1	4.4428173975861
7	-3.2573853	-2.6693225	3	1	3.3046909322985676
4	0.34029353	-4.943244	4	1	2.66170984182051
1	-1.0521472	4.6549554	5	1	1.6728587679645017
2	4.3171926	-1.4775218	6	1	1.0023064765529197
5	-5.0	1.214636	7	1	0.9297775294643158
6	2.556889	2.3972604	8	1	0.2
