topic	x	y	topics	cluster	Freq
5	-3.1271	0.22837272	1	1	5.2
6	-1.685207	3.6093078	2	1	4.533555630024206
3	1.8572828	4.589415	3	1	4.360217474587979
4	4.8324385	2.4311445	4	1	3.7291257489433125
1	2.2336233	-3.6607115	5	1	3.635579533584808
2	1.1039379	0.42137894	6	1	3.349298061581162
7	5.0	-1.2406124	7	1	3.2518924607371713
8	-1.3834004	-3.0072591	8	1	0.2
