topic	x	y	topics	cluster	Freq
5	-2.2275336	-3.145313	1	1	5.2
8	-2.5172322	3.9631846	2	1	3.7721268772665897
6	1.6548141	-3.8669329	3	1	2.504353769114227
3	0.46205837	0.52480525	4	1	1.610662333243927
2	-4.085668	0.339147	5	1	1.227968762180252
1	4.6393256	-1.2810212	6	1	0.5812003129219245
4	4.477439	2.6645243	7	1	0.28340818272639834
7	1.2931247	5.0	8	1	0.2
